{
  "code": "0",
  "data": {
    "list": [
      {
        "id": 2,
        "name": "水上执法A001",
        "code": "A10001",
        "type": 1,
        "lnglat": [115.907695, 28.761565],
        "rotation": 50.2
      },
      {
        "id": 2,
        "name": "赣南昌货12345",
        "code": "A10001",
        "type": 2,
        "lnglat": [115.895679, 28.735829],
        "rotation": 30.2,
        "track": [
          [115.822122, 28.492532],
          [115.817315, 28.497963],
          [115.813196, 28.5046],
          [115.811822, 28.509428],
          [115.810449, 28.516065],
          [115.810449, 28.523908],
          [115.810449, 28.528734],
          [115.809762, 28.536576],
          [115.809076, 28.541402],
          [115.809076, 28.546831],
          [115.809762, 28.552259],
          [115.811136, 28.557687],
          [115.814569, 28.565527],
          [115.814569, 28.573367],
          [115.817315, 28.578794],
          [115.818002, 28.583617],
          [115.821435, 28.589647],
          [115.822122, 28.596882],
          [115.823495, 28.602307],
          [115.828302, 28.610747],
          [115.831735, 28.616172],
          [115.834482, 28.619789],
          [115.835855, 28.627021],
          [115.839288, 28.634856],
          [115.845468, 28.63787],
          [115.848214, 28.643896],
          [115.851648, 28.648717],
          [115.859201, 28.657152],
          [115.862634, 28.665588],
          [115.864007, 28.675227],
          [115.868127, 28.680046],
          [115.87362, 28.68848],
          [115.87774, 28.691491],
          [115.881173, 28.695105],
          [115.885293, 28.699321],
          [115.88804, 28.702935],
          [115.888727, 28.708355],
          [115.890786, 28.713173],
          [115.891473, 28.718593],
          [115.892846, 28.722206],
          [115.892846, 28.727023],
          [115.895679, 28.735829]
        ],
        "navigationRoute": [
          [115.895679, 28.735829],
          [115.896408, 28.738162],
          [115.897353, 28.743731],
          [115.897438, 28.747343],
          [115.899241, 28.751482],
          [115.903275, 28.755621],
          [115.909455, 28.75991],
          [115.920527, 28.764349],
          [115.930912, 28.769239],
          [115.94104, 28.771346],
          [115.946877, 28.774731],
          [115.952628, 28.780599],
          [115.956318, 28.784962],
          [115.958378, 28.792785],
          [115.958035, 28.793763],
          [115.958207, 28.797599],
          [115.958207, 28.802037],
          [115.958979, 28.807227],
          [115.960953, 28.810009],
          [115.964987, 28.812717],
          [115.969279, 28.815875],
          [115.973227, 28.818958],
          [115.979664, 28.822568],
          [115.985758, 28.825651],
          [115.995629, 28.828584],
          [115.997732, 28.830689],
          [115.999448, 28.8349],
          [116.001508, 28.83911],
          [115.999791, 28.843922],
          [115.997732, 28.849335],
          [115.996358, 28.853545],
          [115.994985, 28.861363],
          [115.995672, 28.865572],
          [115.997045, 28.868579],
          [116.000478, 28.872187],
          [116.005628, 28.876696],
          [116.009405, 28.8785],
          [116.012494, 28.880905],
          [116.015241, 28.883009],
          [116.018331, 28.887819],
          [116.018331, 28.891126],
          [116.017988, 28.897137],
          [116.016614, 28.899843]
        ]
      },
      {
        "id": 3,
        "name": "赣丰城货12345",
        "code": "A10001",
        "type": 2,
        "lnglat": [115.911472, 28.763521],
        "rotation": 220.2
      },
      {
        "id": 7,
        "name": "赣九江货12345",
        "code": "A10001",
        "type": 3,
        "lnglat": [115.897567, 28.754736],
        "rotation": 131.2
      },
      {
        "id": 7,
        "name": "赣九江货56789",
        "code": "A10001",
        "type": 3,
        "lnglat": [115.898833, 28.755451],
        "rotation": 161.2
      }
    ],
    "total": 12,
    "size": 10,
    "current": 1,
    "orders": [],
    "hitCount": false,
    "searchCount": true,
    "pages": 2
  }
}
